{
  "project_info": {
    "project_number": "650678531082",
    "firebase_url": "https://suzzy-8e356.firebaseio.com",
    "project_id": "suzzy-8e356",
    "storage_bucket": "suzzy-8e356.appspot.com"
  },
  "client": [
    {
      "client_info": {
        "mobilesdk_app_id": "1:650678531082:android:1b21ad23ddf4d4376c1bf3",
        "android_client_info": {
          "package_name": "com.example.suzzy"
        }
      },
      "oauth_client": [
        {
          "client_id": "650678531082-1k2sok3f1s538di59iahb1aturn1equp.apps.googleusercontent.com",
          "client_type": 1,
          "android_info": {
            "package_name": "com.example.suzzy",
            "certificate_hash": "e9ab330e26f12105cb06226c936748ad56b98bc3"
          }
        },
        {
          "client_id": "650678531082-97f3tufa8ucobvedfjo62sk12h7uagnb.apps.googleusercontent.com",
          "client_type": 3
        }
      ],
      "api_key": [
        {
          "current_key": "AIzaSyBF4pt-5Kgb7vKKD3ytECyO3MesrV7cejk"
        }
      ],
      "services": {
        "appinvite_service": {
          "other_platform_oauth_client": [
            {
              "client_id": "650678531082-97f3tufa8ucobvedfjo62sk12h7uagnb.apps.googleusercontent.com",
              "client_type": 3
            }
          ]
        }
      }
    }
  ],
  "configuration_version": "1"
}